,breed,url,height,weight,longivity
0,afador,https://dogtime.com/dog-breeds/afador,[29],[75],[12]
1,afaird,https://dogtime.com/dog-breeds/afaird-dog-breed-pictures-characteristics-and-facts,[24],[80],[12]
2,affen border terrier,https://dogtime.com/dog-breeds/affen-border-terrier,[16],[14],[14]
3,affen spaniel,https://dogtime.com/dog-breeds/affen-spaniel,[20],[20],[15]
4,affen tzu,https://dogtime.com/dog-breeds/affen-tzu-dog-breed-pictures-characteristics-and-facts,[11],[],[15]
5,affenchon,https://dogtime.com/dog-breeds/affenchon,[11],[12],[15]
6,affengriffon,https://dogtime.com/dog-breeds/affengriffon,[11],[12],[14]
7,affenhuahua,https://dogtime.com/dog-breeds/affenhuahua,[12],[12],[18]
8,affenpinscher,https://dogtime.com/dog-breeds/affenpinscher,[11],[9],[14]
9,affenpoo,https://dogtime.com/dog-breeds/affenpoo,[18],[25],[15]
10,affenpug,https://dogtime.com/dog-breeds/affenpug,[12],[16],[12]
11,affenshire,https://dogtime.com/dog-breeds/affenshire,[11],[9],[15]
12,affenwich,https://dogtime.com/dog-breeds/affenwich,[11],[10],[14]
13,afghan chon,https://dogtime.com/dog-breeds/afghan-chon,[26],[70],[14]
14,afghan collie,https://dogtime.com/dog-breeds/afghan-collie,[27],[65],[14]
15,afghan hound,https://dogtime.com/dog-breeds/afghan-hound,[26],[60],[12]
16,afghan retriever,https://dogtime.com/dog-breeds/afghan-retriever,[26],[],[14]
17,afghan sheepdog,https://dogtime.com/dog-breeds/afghan-sheepdog,[24],[60],[14]
18,afghan spaniel,https://dogtime.com/dog-breeds/afghan-spaniel,[23],[45],[14]
19,afollie,https://dogtime.com/dog-breeds/afollie,[27],[55],[12]
20,airedale shepherd,https://dogtime.com/dog-breeds/airedale-shepherd,[],[],[]
21,airedale terrier,https://dogtime.com/dog-breeds/airedale-terrier,[23],[65],[13]
22,airedoodle,https://dogtime.com/dog-breeds/airedoodle,[27],[70],[14]
23,akbash,https://dogtime.com/dog-breeds/akbash,[34],[140],[12]
24,akbash pyrenees,https://dogtime.com/dog-breeds/akbash-pyrenees,[34],[120],[12]
25,akbash rottie,https://dogtime.com/dog-breeds/akbash-rottie,[34],[120],[11]
26,aki-poo,https://dogtime.com/dog-breeds/aki-poo,[32],[100],[14]
27,akita,https://dogtime.com/dog-breeds/akita,"[2, 4]",[130],[12]
28,akita basset,https://dogtime.com/dog-breeds/akita-basset,[28],[90],[12]
29,akita bernard,https://dogtime.com/dog-breeds/akita-bernard,[36],[175],[11]
30,akita chow,https://dogtime.com/dog-breeds/akita-chow,[25],[145],[12]
31,akita pit,https://dogtime.com/dog-breeds/akita-pit,[23],[70],[12]
32,akita shepherd,https://dogtime.com/dog-breeds/akita-shepherd,[28],[120],[13]
33,akitamatian,https://dogtime.com/dog-breeds/akitamatian,[34],[115],[12]
34,alaskan goldenmute,https://dogtime.com/dog-breeds/alaskan-goldenmute,[28],[70],[12]
35,alaskan husky shepherd,https://dogtime.com/dog-breeds/alaskan-husky-shepherd,[26],[70],[12]
36,alaskan irish setsky,https://dogtime.com/dog-breeds/alaskan-irish-setsky,[],[],[]
37,alaskan klee kai,https://dogtime.com/dog-breeds/alaskan-klee-kai,[17],[15],[16]
38,alaskan malador,https://dogtime.com/dog-breeds/alaskan-malador,[28],[80],[12]
39,alaskan malamute,https://dogtime.com/dog-breeds/alaskan-malamute,"[11, 2, 1]",[100],[15]
40,alaskan pit bull terrier,https://dogtime.com/dog-breeds/alaskan-pit-bull-terrier,[26],[75],[12]
41,alaskan shepherd,https://dogtime.com/dog-breeds/alaskan-shepherd,[28],[90],[12]
42,alaskan weimsky,https://dogtime.com/dog-breeds/alaskan-weimsky,[24],[85],[14]
43,alusky,https://dogtime.com/dog-breeds/alusky,[],[],[]
44,american bandogge,https://dogtime.com/dog-breeds/american-bandogge,[],[],[]
45,american boston bull terrier,https://dogtime.com/dog-breeds/american-boston-bull-terrier,[],[],[]
46,american boxer foxhound,https://dogtime.com/dog-breeds/american-boxer-foxhound,[26],[65],[12]
47,american bull-aussie,https://dogtime.com/dog-breeds/american-bull-aussie,[23],[70],[12]
48,american bull dane,https://dogtime.com/dog-breeds/american-bull-dane,[35],[200],[10]
49,american bull dogue de bordeaux,https://dogtime.com/dog-breeds/american-bull-dogue-de-bordeaux,[24],[130],[12]
50,american bull-jack,https://dogtime.com/dog-breeds/american-bull-jack,[25],[50],[14]
51,american bull pei,https://dogtime.com/dog-breeds/american-bull-pei,[18],[80],[12]
52,american bull staffy,https://dogtime.com/dog-breeds/american-bull-staffy,[20],[80],[12]
53,american bulldog,https://dogtime.com/dog-breeds/american-bulldog,[28],[120],[16]
54,american bulldog shepherd,https://dogtime.com/dog-breeds/american-bulldog-shepherd,[27],[120],[12]
55,american bullhuahua,https://dogtime.com/dog-breeds/american-bullhuahua,[12],[35],[14]
56,american bullweiler,https://dogtime.com/dog-breeds/american-bullweiler,[28],[90],[12]
57,american chow bulldog,https://dogtime.com/dog-breeds/american-chow-bulldog,[20],[70],[12]
58,american eagle dog,https://dogtime.com/dog-breeds/american-eagle-dog,[18],[35],[14]
59,american english coonhound,https://dogtime.com/dog-breeds/american-english-coonhound,[26],[],[12]
60,american eskimo dog,https://dogtime.com/dog-breeds/american-eskimo-dog,[19],[30],[15]
61,american foxeagle,https://dogtime.com/dog-breeds/american-foxeagle,[23],[],[14]
62,american foxhound,https://dogtime.com/dog-breeds/american-foxhound,[25],[60],[13]
63,american foxy dane,https://dogtime.com/dog-breeds/american-foxy-dane,[28],[90],[10]
64,american french bull terrier,https://dogtime.com/dog-breeds/american-french-bull-terrier,[12],[50],[12]
65,american hairless terrier,https://dogtime.com/dog-breeds/american-hairless-terrier,[16],[16],[16]
66,american lab foxhound,https://dogtime.com/dog-breeds/american-lab-foxhound,[27],[75],[12]
67,american leopard hound,https://dogtime.com/dog-breeds/american-leopard-hound,[27],[75],[15]
68,american pit bull terrier,https://dogtime.com/dog-breeds/american-pit-bull-terrier,[19],[85],[16]
69,american pugabull,https://dogtime.com/dog-breeds/american-pugabull,[20],[70],[14]
70,american staffordshire terrier,https://dogtime.com/dog-breeds/american-staffordshire-terrier,[19],[60],[15]
71,american water spaniel,https://dogtime.com/dog-breeds/american-water-spaniel,"[3, 1, 6]",[45],[15]
72,amstiff,https://dogtime.com/dog-breeds/amstiff,[30],[130],[10]
73,anatolian shepherd dog,https://dogtime.com/dog-breeds/anatolian-shepherd-dog,"[3, 2, 5]",[150],[13]
74,appenzeller sennenhunde,https://dogtime.com/dog-breeds/appenzeller-sennenhunde,[22],[55],[12]
75,auggie,https://dogtime.com/dog-breeds/auggie,[13],[30],[15]
76,aussie rottie,https://dogtime.com/dog-breeds/aussie-rottie,[25],[80],[12]
77,aussie shiba,https://dogtime.com/dog-breeds/aussie-shiba,[24],[45],[14]
78,aussiedoodle,https://dogtime.com/dog-breeds/aussiedoodle,[15],[70],[13]
79,aussiepom,https://dogtime.com/dog-breeds/aussiepom,[17],[30],[15]
80,australian boxherd,https://dogtime.com/dog-breeds/australian-boxherd,[25],[80],[15]
81,australian cattle dog,https://dogtime.com/dog-breeds/australian-cattle-dog,[20],[50],[15]
82,australian kelpie,https://dogtime.com/dog-breeds/australian-kelpie,[20],[46],[15]
83,australian retriever,https://dogtime.com/dog-breeds/australian-retriever,[23],[60],[15]
84,australian shepherd,https://dogtime.com/dog-breeds/australian-shepherd,[23],[65],[15]
85,australian shepherd husky,https://dogtime.com/dog-breeds/australian-shepherd-husky,[25],[65],[15]
86,australian shepherd lab mix,https://dogtime.com/dog-breeds/australian-shepherd-lab-mix,[25],[80],[15]
87,australian shepherd pit bull mix,https://dogtime.com/dog-breeds/australian-shepherd-pit-bull-mix,[23],[85],[16]
88,australian stumpy tail cattle dog,https://dogtime.com/dog-breeds/australian-stumpy-tail-cattle-dog,[20],[51],[15]
89,australian terrier,https://dogtime.com/dog-breeds/australian-terrier,[11],[16],[15]
90,azawakh,https://dogtime.com/dog-breeds/azawakh,[27],[55],[15]
91,ba-shar,https://dogtime.com/dog-breeds/ba-shar,[15],[65],[10]
92,bagle hound,https://dogtime.com/dog-breeds/bagle-hound,[15],[50],[12]
93,barbado da terceira,https://dogtime.com/dog-breeds/barbado-da-terceira,[22],[60],[14]
94,barbet,https://dogtime.com/dog-breeds/barbet,[25],[62],[15]
95,bascottie,https://dogtime.com/dog-breeds/bascottie,[15],[45],[14]
96,basenji,https://dogtime.com/dog-breeds/basenji,[17],[24],[12]
97,bassador,https://dogtime.com/dog-breeds/bassador,[20],[70],[12]
98,basschshund,https://dogtime.com/dog-breeds/basschshund,[15],[40],[12]
99,basset bleu de gascogne,https://dogtime.com/dog-breeds/basset-bleu-de-gascogne,[15],[45],[14]
100,basset fauve de bretagne,https://dogtime.com/dog-breeds/basset-fauve-de-bretagne,[15],[35],[15]
101,basset hound,https://dogtime.com/dog-breeds/basset-hound,[14],[65],[12]
102,basset jack,https://dogtime.com/dog-breeds/basset-jack,[12],[35],[14]
103,basset retriever,https://dogtime.com/dog-breeds/basset-retriever,[14],[70],[12]
104,bassetoodle,https://dogtime.com/dog-breeds/bassetoodle,[16],[75],[14]
105,bavarian mountain scent hound,https://dogtime.com/dog-breeds/bavarian-mountain-scent-hound,[20],[55],[14]
106,beabull,https://dogtime.com/dog-breeds/beabull,[16],[60],[13]
107,beagle,https://dogtime.com/dog-breeds/beagle,[15],[30],[15]
108,beaglier,https://dogtime.com/dog-breeds/beaglier,[16],[20],[15]
109,bearded collie,https://dogtime.com/dog-breeds/bearded-collie,[22],[55],[14]
110,bedlington terrier,https://dogtime.com/dog-breeds/bedlington-terrier,[16],[23],[16]
111,belgian laekenois,https://dogtime.com/dog-breeds/belgian-laekenois,[26],[66],[12]
112,belgian malinois,https://dogtime.com/dog-breeds/belgian-malinois,[26],[80],[14]
113,belgian sheepdog,https://dogtime.com/dog-breeds/belgian-sheepdog,[26],[75],[12]
114,belgian tervuren,https://dogtime.com/dog-breeds/belgian-tervuren,[26],[70],[12]
115,bergamasco sheepdog,https://dogtime.com/dog-breeds/bergamasco-sheepdog,[24],[85],[15]
116,berger picard,https://dogtime.com/dog-breeds/berger-picard,"[9, 2, 1]",[70],[14]
117,bernedoodle,https://dogtime.com/dog-breeds/bernedoodle,"[10, 29]","[10, 90]",[18]
118,bernese mountain dog,https://dogtime.com/dog-breeds/bernese-mountain-dog,[28],[115],[10]
119,bichon frise,https://dogtime.com/dog-breeds/bichon-frise,[11],[12],[15]
120,biewer terrier,https://dogtime.com/dog-breeds/biewer-terrier,[11],[8],[15]
121,black and tan coonhound,https://dogtime.com/dog-breeds/black-and-tan-coonhound,[27],[100],[12]
122,black mouth cur,https://dogtime.com/dog-breeds/black-mouth-cur,[25],[95],[18]
123,black russian terrier,https://dogtime.com/dog-breeds/black-russian-terrier,[28],[140],[11]
124,bloodhound,https://dogtime.com/dog-breeds/bloodhound,[27],[110],[15]
125,blue lacy,https://dogtime.com/dog-breeds/blue-lacy,[25],[50],[16]
126,bluetick coonhound,https://dogtime.com/dog-breeds/bluetick-coonhound,[30],[100],[12]
127,bocker,https://dogtime.com/dog-breeds/bocker,[15],[30],[15]
128,boerboel,https://dogtime.com/dog-breeds/boerboel,[28],[200],[12]
129,boglen terrier,https://dogtime.com/dog-breeds/boglen-terrier,[17],[40],[15]
130,bohemian shepherd,https://dogtime.com/dog-breeds/bohemian-shepherd,[22],[60],[15]
131,bolognese,https://dogtime.com/dog-breeds/bolognese,[12],[14],[14]
132,borador,https://dogtime.com/dog-breeds/borador,[24],[65],[15]
133,border collie,https://dogtime.com/dog-breeds/border-collie,[22],[45],[15]
134,border sheepdog,https://dogtime.com/dog-breeds/border-sheepdog,[22],[45],[15]
135,border terrier,https://dogtime.com/dog-breeds/border-terrier,[11],[15],[15]
136,bordoodle,https://dogtime.com/dog-breeds/bordoodle,[22],[60],[15]
137,borzoi,https://dogtime.com/dog-breeds/borzoi,[32],[105],[12]
138,boshih,https://dogtime.com/dog-breeds/boshih,[15],[20],[15]
139,bossie,https://dogtime.com/dog-breeds/bossie,[23],[40],[15]
140,boston boxer,https://dogtime.com/dog-breeds/boston-boxer,[23],[55],[15]
141,boston terrier,https://dogtime.com/dog-breeds/boston-terrier,[15],[25],[15]
142,boston terrier pekingese mix,https://dogtime.com/dog-breeds/boston-terrier-pekingese-mix,[15],[25],[15]
143,bouvier des flandres,https://dogtime.com/dog-breeds/bouvier-des-flandres,[26],[100],[12]
144,boxador,https://dogtime.com/dog-breeds/boxador,[25],[110],[15]
145,boxer,https://dogtime.com/dog-breeds/boxer,[25],[70],[12]
146,boxerdoodle,https://dogtime.com/dog-breeds/boxerdoodle,[25],[70],[12]
147,boxmatian,https://dogtime.com/dog-breeds/boxmatian,[25],[90],[13]
148,boxweiler,https://dogtime.com/dog-breeds/boxweiler,[27],[100],[13]
149,boykin spaniel,https://dogtime.com/dog-breeds/boykin-spaniel,[18],[40],[12]
150,bracco italiano,https://dogtime.com/dog-breeds/bracco-italiano,[26],[90],[14]
151,braque du bourbonnais,https://dogtime.com/dog-breeds/braque-du-bourbonnais,[23],[55],[15]
152,braque francais pyrenean,https://dogtime.com/dog-breeds/braque-francais-pyrenean,[27],[80],[15]
153,briard,https://dogtime.com/dog-breeds/briard,[27],[100],[12]
154,brittany,https://dogtime.com/dog-breeds/brittany,"[5, 1, 8]",[40],[13]
155,broholmer,https://dogtime.com/dog-breeds/broholmer,[30],[150],[12]
156,brussels griffon,https://dogtime.com/dog-breeds/brussels-griffon,[8],[12],[15]
157,bugg,https://dogtime.com/dog-breeds/bugg,[18],[25],[15]
158,bull arab,https://dogtime.com/dog-breeds/bull-arab,[27],[95],[15]
159,bull-pei,https://dogtime.com/dog-breeds/bull-pei,[18],[65],[11]
160,bull terrier,https://dogtime.com/dog-breeds/bull-terrier,[22],[75],[15]
161,bullador,https://dogtime.com/dog-breeds/bullador,[20],[90],[12]
162,bullboxer pit,https://dogtime.com/dog-breeds/bullboxer-pit,[20],[80],[14]
163,bulldog,https://dogtime.com/dog-breeds/bulldog,[15],[50],[12]
164,bullmastiff,https://dogtime.com/dog-breeds/bullmastiff,[27],[130],[10]
165,bullmatian,https://dogtime.com/dog-breeds/bullmatian,[24],[65],[12]
166,cairn terrier,https://dogtime.com/dog-breeds/cairn-terrier,[10],[14],[15]
167,canaan dog,https://dogtime.com/dog-breeds/canaan-dog,[24],[55],[15]
168,cane corso,https://dogtime.com/dog-breeds/cane-corso,"[11, 2, 3]",[120],[12]
169,cardigan welsh corgi,https://dogtime.com/dog-breeds/cardigan-welsh-corgi,[1],[38],[15]
170,carolina dog,https://dogtime.com/dog-breeds/carolina-dog,[20],[55],[15]
171,catahoula bulldog,https://dogtime.com/dog-breeds/catahoula-bulldog,[26],[100],[14]
172,catahoula leopard dog,https://dogtime.com/dog-breeds/catahoula-leopard-dog,[26],[90],[14]
173,caucasian shepherd dog,https://dogtime.com/dog-breeds/caucasian-shepherd-dog,[34],[220],[12]
174,cav-a-jack,https://dogtime.com/dog-breeds/cav-a-jack,[17],[18],[17]
175,cavachon,https://dogtime.com/dog-breeds/cavachon,[13],[35],[15]
176,cavador,https://dogtime.com/dog-breeds/cavador,[24],[55],[14]
177,cavalier king charles spaniel,https://dogtime.com/dog-breeds/cavalier-king-charles-spaniel,[13],[18],[15]
178,cavapoo,https://dogtime.com/dog-breeds/cavapoo,[14],[25],[15]
179,central asian shepherd dog,https://dogtime.com/dog-breeds/central-asian-shepherd-dog,[28],[110],[15]
180,cesky terrier,https://dogtime.com/dog-breeds/cesky-terrier,[13],[30],[15]
181,chabrador,https://dogtime.com/dog-breeds/chabrador,[24],[80],[13]
182,cheagle,https://dogtime.com/dog-breeds/cheagle,[14],[20],[14]
183,chesapeake bay retriever,https://dogtime.com/dog-breeds/chesapeake-bay-retriever,"[9, 2, 2]",[80],[12]
184,chi chi,https://dogtime.com/dog-breeds/chi-chi,[12],[11],[20]
185,chi-poo,https://dogtime.com/dog-breeds/chi-poo,[15],[20],[15]
186,chigi,https://dogtime.com/dog-breeds/chigi,[12],[20],[14]
187,chihuahua,https://dogtime.com/dog-breeds/chihuahua,[9],[6],[18]
188,chilier,https://dogtime.com/dog-breeds/chilier,[12],[12],[16]
189,chinese crested,https://dogtime.com/dog-breeds/chinese-crested,[13],[12],[14]
190,chinese shar-pei,https://dogtime.com/dog-breeds/chinese-shar-pei,[20],[55],[12]
191,chinook,https://dogtime.com/dog-breeds/chinook,[27],[70],[15]
192,chion,https://dogtime.com/dog-breeds/chion,[11],[11],[15]
193,chipin,https://dogtime.com/dog-breeds/chipin,[12],[15],[14]
194,chiweenie,https://dogtime.com/dog-breeds/chiweenie,[10],[12],[16]
195,chorkie,https://dogtime.com/dog-breeds/chorkie,[9],[15],[15]
196,chow chow,https://dogtime.com/dog-breeds/chow-chow,[20],[70],[15]
197,chow shepherd,https://dogtime.com/dog-breeds/chow-shepherd,[26],[90],[15]
198,chug,https://dogtime.com/dog-breeds/chug,[14],[20],[13]
199,chusky,https://dogtime.com/dog-breeds/chusky,[23],[65],[13]
200,cirneco dell’etna,https://dogtime.com/dog-breeds/cirneco-delletna,[20],[26],[14]
201,clumber spaniel,https://dogtime.com/dog-breeds/clumber-spaniel,"[5, 1, 8]",[85],[12]
202,cockalier,https://dogtime.com/dog-breeds/cockalier,[15],[28],[15]
203,cockapoo,https://dogtime.com/dog-breeds/cockapoo,"[10, 15]","[6, 19]",[15]
204,cocker spaniel,https://dogtime.com/dog-breeds/cocker-spaniel,"[2, 1, 3]",[28],[15]
205,collie,https://dogtime.com/dog-breeds/collie,[26],[70],[14]
206,corgi inu,https://dogtime.com/dog-breeds/corgi-inu,[15],[27],[15]
207,corgidor,https://dogtime.com/dog-breeds/corgidor,[23],[55],[15]
208,corman shepherd,https://dogtime.com/dog-breeds/corman-shepherd,[15],[70],[15]
209,coton de tulear,https://dogtime.com/dog-breeds/coton-de-tulear,[12],[13],[14]
210,croatian sheepdog,https://dogtime.com/dog-breeds/croatian-sheepdog,[21],[45],[14]
211,curly-coated retriever,https://dogtime.com/dog-breeds/curly-coated-retriever,"[11, 2, 3]",[100],[12]
212,czechoslovakian vlcak,https://dogtime.com/dog-breeds/czechoslovakian-vlcak,[26],[57],[16]
213,dachsador,https://dogtime.com/dog-breeds/dachsador,[25],[40],[14]
214,dachshund,https://dogtime.com/dog-breeds/dachshund,[9],[32],[15]
215,dalmatian,https://dogtime.com/dog-breeds/dalmatian,[24],[55],[16]
216,dandie dinmont terrier,https://dogtime.com/dog-breeds/dandie-dinmont-terrier,[11],[24],[15]
217,daniff,https://dogtime.com/dog-breeds/daniff,[33],[190],[12]
218,danish-swedish farmdog,https://dogtime.com/dog-breeds/danish-swedish-farmdog,[15],[20],[13]
219,deutscher wachtelhund,https://dogtime.com/dog-breeds/deutscher-wachtelhund,[21],[55],[14]
220,doberdor,https://dogtime.com/dog-breeds/doberdor,[28],[100],[14]
221,doberman pinscher,https://dogtime.com/dog-breeds/doberman-pinscher,[28],[80],[13]
222,docker,https://dogtime.com/dog-breeds/docker,[15],[30],[14]
223,dogo argentino,https://dogtime.com/dog-breeds/dogo-argentino,[27],[100],[15]
224,dogue de bordeaux,https://dogtime.com/dog-breeds/dogue-de-bordeaux,[27],[100],[12]
225,dorgi,https://dogtime.com/dog-breeds/dorgi,[],[28],[15]
226,dorkie,https://dogtime.com/dog-breeds/dorkie,[10],[12],[16]
227,doxiepoo,https://dogtime.com/dog-breeds/doxiepoo,[23],[30],[15]
228,doxle,https://dogtime.com/dog-breeds/doxle,[15],[30],[14]
229,drentsche patrijshond,https://dogtime.com/dog-breeds/drentsche-patrijshond,[25],[60],[14]
230,drever,https://dogtime.com/dog-breeds/drever,[16],[40],[15]
231,dutch shepherd,https://dogtime.com/dog-breeds/dutch-shepherd,[25],[70],[15]
232,english cocker spaniel,https://dogtime.com/dog-breeds/english-cocker-spaniel,"[3, 1, 5]",[34],[14]
233,english foxhound,https://dogtime.com/dog-breeds/english-foxhound,[27],[75],[13]
234,english setter,https://dogtime.com/dog-breeds/english-setter,"[11, 2, 3]",[80],[15]
235,english springer spaniel,https://dogtime.com/dog-breeds/english-springer-spaniel,"[6, 1, 10]",[55],[15]
236,english toy spaniel,https://dogtime.com/dog-breeds/english-toy-spaniel,[11],[14],[12]
237,entlebucher mountain dog,https://dogtime.com/dog-breeds/entlebucher-mountain-dog,[20],[65],[13]
238,estrela mountain dog,https://dogtime.com/dog-breeds/estrela-mountain-dog,[30],[130],[15]
239,eurasier,https://dogtime.com/dog-breeds/eurasier,[24],[71],[14]
240,field spaniel,https://dogtime.com/dog-breeds/field-spaniel,"[4, 1, 7]",[45],[12]
241,fila brasileiro,https://dogtime.com/dog-breeds/fila-brasileiro,[30],[180],[12]
242,finnish lapphund,https://dogtime.com/dog-breeds/finnish-lapphund,[20],[53],[15]
243,finnish spitz,https://dogtime.com/dog-breeds/finnish-spitz,[20],[35],[15]
244,flat-coated retriever,https://dogtime.com/dog-breeds/flat-coated-retriever,"[10, 2]",[70],[12]
245,fox terrier,https://dogtime.com/dog-breeds/fox-terrier,[15],[19],[15]
246,french bulldog,https://dogtime.com/dog-breeds/french-bulldog,[12],[28],[14]
247,french bullhuahua,https://dogtime.com/dog-breeds/french-bullhuahua,[12],[30],[15]
248,french spaniel,https://dogtime.com/dog-breeds/french-spaniel,[24],[60],[12]
249,frenchton,https://dogtime.com/dog-breeds/frenchton,[14],[25],[15]
250,frengle,https://dogtime.com/dog-breeds/frengle,[15],[30],[15]
251,german longhaired pointer,https://dogtime.com/dog-breeds/german-longhaired-pointer,[28],[71],[14]
252,german pinscher,https://dogtime.com/dog-breeds/german-pinscher,[20],[45],[14]
253,german shepherd dog,https://dogtime.com/dog-breeds/german-shepherd-dog,"[10, 2, 2]",[95],[14]
254,german shepherd pit bull,https://dogtime.com/dog-breeds/german-shepherd-pit-bull,[26],[90],[12]
255,german shepherd rottweiler mix,https://dogtime.com/dog-breeds/german-shepherd-rottweiler-mix,[28],[115],[13]
256,german sheprador,https://dogtime.com/dog-breeds/german-sheprador,[27],[95],[12]
257,german shorthaired pointer,https://dogtime.com/dog-breeds/german-shorthaired-pointer,"[9, 2, 1]",[70],[15]
258,german spitz,https://dogtime.com/dog-breeds/german-spitz,[15],[29],[15]
259,german wirehaired pointer,https://dogtime.com/dog-breeds/german-wirehaired-pointer,"[10, 2, 2]",[70],[14]
260,giant schnauzer,https://dogtime.com/dog-breeds/giant-schnauzer,[27],[80],[12]
261,glen of imaal terrier,https://dogtime.com/dog-breeds/glen-of-imaal-terrier,[14],[35],[15]
262,goberian,https://dogtime.com/dog-breeds/goberian,[24],[90],[15]
263,goldador,https://dogtime.com/dog-breeds/goldador,[24],[80],[15]
264,golden cocker retriever,https://dogtime.com/dog-breeds/golden-cocker-retriever,[24],[45],[15]
265,golden mountain dog,https://dogtime.com/dog-breeds/golden-mountain-dog,[28],[120],[15]
266,golden retriever,https://dogtime.com/dog-breeds/golden-retriever,[24],[75],[12]
267,golden retriever corgi,https://dogtime.com/dog-breeds/golden-retriever-corgi,[18],[75],[13]
268,golden shepherd,https://dogtime.com/dog-breeds/golden-shepherd,[26],[85],[14]
269,goldendoodle,https://dogtime.com/dog-breeds/goldendoodle,[24],[90],[15]
270,gollie,https://dogtime.com/dog-breeds/gollie,[26],[75],[15]
271,gordon setter,https://dogtime.com/dog-breeds/gordon-setter,"[11, 2, 3]",[80],[12]
272,great dane,https://dogtime.com/dog-breeds/great-dane,[34],[200],[10]
273,great pyrenees,https://dogtime.com/dog-breeds/great-pyrenees,[32],[160],[12]
274,greater swiss mountain dog,https://dogtime.com/dog-breeds/greater-swiss-mountain-dog,[28],[140],[9]
275,greyador,https://dogtime.com/dog-breeds/greyador,[27],[80],[13]
276,greyhound,https://dogtime.com/dog-breeds/greyhound,"[1, 2, 6]",[85],[15]
277,hamiltonstovare,https://dogtime.com/dog-breeds/hamiltonstovare,[24],[75],[17]
278,hanoverian scenthound,https://dogtime.com/dog-breeds/hanoverian-scenthound,[22],[100],[14]
279,harrier,https://dogtime.com/dog-breeds/harrier,[21],[60],[12]
280,havanese,https://dogtime.com/dog-breeds/havanese,[11],[13],[15]
281,havapoo,https://dogtime.com/dog-breeds/havapoo,[15],[30],[14]
282,hokkaido,https://dogtime.com/dog-breeds/hokkaido,[22],[65],[13]
283,horgi,https://dogtime.com/dog-breeds/horgi,[15],[50],[15]
284,hovawart,https://dogtime.com/dog-breeds/hovawart,[29],[110],[14]
285,huskita,https://dogtime.com/dog-breeds/huskita,[25],[75],[13]
286,huskydoodle,https://dogtime.com/dog-breeds/huskydoodle,[25],[60],[14]
287,ibizan hound,https://dogtime.com/dog-breeds/ibizan-hound,[27],[50],[14]
288,icelandic sheepdog,https://dogtime.com/dog-breeds/icelandic-sheepdog,[18],[30],[15]
289,irish red and white setter,https://dogtime.com/dog-breeds/irish-red-and-white-setter,[26],[70],[14]
290,irish setter,https://dogtime.com/dog-breeds/irish-setter,"[1, 2, 3]",[70],[15]
291,irish terrier,https://dogtime.com/dog-breeds/irish-terrier,[20],[27],[16]
292,irish water spaniel,https://dogtime.com/dog-breeds/irish-water-spaniel,"[9, 2]",[65],[12]
293,irish wolfhound,https://dogtime.com/dog-breeds/irish-wolfhound,[35],[180],[8]
294,italian greyhound,https://dogtime.com/dog-breeds/italian-greyhound,[15],[15],[15]
295,jack-a-poo,https://dogtime.com/dog-breeds/jack-a-poo,[16],[25],[15]
296,jack chi,https://dogtime.com/dog-breeds/jack-chi,[15],[18],[18]
297,jack russell terrier,https://dogtime.com/dog-breeds/jack-russell-terrier,[15],[17],[15]
298,jackshund,https://dogtime.com/dog-breeds/jackshund,[23],[28],[15]
299,jagdterrier,https://dogtime.com/dog-breeds/jagdterrier,[16],[22],[12]
300,japanese chin,https://dogtime.com/dog-breeds/japanese-chin,[11],[9],[14]
301,japanese spitz,https://dogtime.com/dog-breeds/japanese-spitz,[16],[20],[16]
302,korean jindo dog,https://dogtime.com/dog-breeds/jindo,"[21, 20]",[60],[15]
303,kai ken,https://dogtime.com/dog-breeds/kai-ken,[22],[45],[16]
304,kangal shepherd dog,https://dogtime.com/dog-breeds/kangal-shepherd-dog,[34],[150],[15]
305,karelian bear dog,https://dogtime.com/dog-breeds/karelian-bear-dog,[24],[50],[13]
306,keeshond,https://dogtime.com/dog-breeds/keeshond,"[4, 1, 7]",[45],[15]
307,kerry blue terrier,https://dogtime.com/dog-breeds/kerry-blue-terrier,[19],[40],[15]
308,king shepherd,https://dogtime.com/dog-breeds/king-shepherd,[31],[150],[11]
309,kishu ken,https://dogtime.com/dog-breeds/kishu-ken,[22],[60],[13]
310,komondor,https://dogtime.com/dog-breeds/komondor,[27],[100],[12]
311,kooikerhondje,https://dogtime.com/dog-breeds/kooikerhondje,[16],[25],[14]
312,kromfohrlander,https://dogtime.com/dog-breeds/kromfohrlander,[],[31],[18]
313,kuvasz,https://dogtime.com/dog-breeds/kuvasz,[30],[115],[12]
314,kyi-leo,https://dogtime.com/dog-breeds/kyi-leo,[12],[14],[15]
315,lab pointer,https://dogtime.com/dog-breeds/lab-pointer,[28],[80],[15]
316,labernese,https://dogtime.com/dog-breeds/labernese,[28],[110],[12]
317,labmaraner,https://dogtime.com/dog-breeds/labmaraner,[24],[100],[12]
318,labrabull,https://dogtime.com/dog-breeds/labrabull,[24],[90],[14]
319,labradane,https://dogtime.com/dog-breeds/labradane,[30],[180],[12]
320,labradoodle,https://dogtime.com/dog-breeds/labradoodle,[24],[65],[14]
321,labrador retriever,https://dogtime.com/dog-breeds/labrador-retriever,[24],[80],[12]
322,labrastaff,https://dogtime.com/dog-breeds/labrastaff,[24],[80],[14]
323,labsky,https://dogtime.com/dog-breeds/labsky,[28],[60],[12]
324,lagotto romagnolo,https://dogtime.com/dog-breeds/lagotto-romagnolo,[19],[35],[17]
325,lakeland terrier,https://dogtime.com/dog-breeds/lakeland-terrier,[14],[17],[15]
326,lancashire heeler,https://dogtime.com/dog-breeds/lancashire-heeler,[12],[15],[14]
327,lapponian herder,https://dogtime.com/dog-breeds/lapponian-herder,[21],[70],[14]
328,leonberger,https://dogtime.com/dog-breeds/leonberger,[31],[170],[12]
329,lhasa apso,https://dogtime.com/dog-breeds/lhasa-apso,[11],[15],[15]
330,lhasapoo,https://dogtime.com/dog-breeds/lhasapoo,[13],[15],[15]
331,lowchen,https://dogtime.com/dog-breeds/lowchen,[14],[18],[15]
332,maltese,https://dogtime.com/dog-breeds/maltese,[10],[7],[15]
333,maltese shih tzu,https://dogtime.com/dog-breeds/maltese-shih-tzu,[10],[12],[14]
334,maltipoo,https://dogtime.com/dog-breeds/maltipoo,[14],[20],[13]
335,manchester terrier,https://dogtime.com/dog-breeds/manchester-terrier,[16],[22],[16]
336,maremma sheepdog,https://dogtime.com/dog-breeds/maremma-sheepdog,[],[100],[13]
337,mastador,https://dogtime.com/dog-breeds/mastador,[36],[160],[12]
338,mastiff,https://dogtime.com/dog-breeds/mastiff,[32],[220],[10]
339,miniature pinscher,https://dogtime.com/dog-breeds/miniature-pinscher,[12],[11],[14]
340,miniature schnauzer,https://dogtime.com/dog-breeds/miniature-schnauzer,[14],[20],[14]
341,morkie,https://dogtime.com/dog-breeds/morkie,[8],[13],[14]
342,mountain cur,https://dogtime.com/dog-breeds/mountain-cur,[26],[60],[16]
343,mountain feist,https://dogtime.com/dog-breeds/mountain-feist,[22],[30],[18]
344,mudi,https://dogtime.com/dog-breeds/mudi,[20],[29],[14]
345,mutt (mixed),https://dogtime.com/dog-breeds/mutt,[],[],[15]
346,neapolitan mastiff,https://dogtime.com/dog-breeds/neapolitan-mastiff,[31],[200],[10]
347,newfoundland,https://dogtime.com/dog-breeds/newfoundland,"[1, 2, 5]",[150],[10]
348,norfolk terrier,https://dogtime.com/dog-breeds/norfolk-terrier,[10],[12],[15]
349,northern inuit dog,https://dogtime.com/dog-breeds/northern-inuit-dog,[32],[110],[15]
350,norwegian buhund,https://dogtime.com/dog-breeds/norwegian-buhund,[18],[40],[15]
351,norwegian elkhound,https://dogtime.com/dog-breeds/norwegian-elkhound,[20],[],[15]
352,norwegian lundehund,https://dogtime.com/dog-breeds/norwegian-lundehund,"[1, 3]",[16],[12]
353,norwich terrier,https://dogtime.com/dog-breeds/norwich-terrier,[10],[12],[14]
354,nova scotia duck tolling retriever,https://dogtime.com/dog-breeds/nova-scotia-duck-tolling-retriever,"[5, 1, 9]",[50],[14]
355,old english sheepdog,https://dogtime.com/dog-breeds/old-english-sheepdog,[21],[],[12]
356,otterhound,https://dogtime.com/dog-breeds/otterhound,[27],[],[12]
357,papillon,https://dogtime.com/dog-breeds/papillon,[11],[9],[16]
358,papipoo,https://dogtime.com/dog-breeds/papipoo,[11],[14],[14]
359,patterdale terrier,https://dogtime.com/dog-breeds/patterdale-terrier,[15],[13],[14]
360,peekapoo,https://dogtime.com/dog-breeds/peekapoo,[11],[20],[15]
361,pekingese,https://dogtime.com/dog-breeds/pekingese,[9],[14],[15]
362,pembroke welsh corgi,https://dogtime.com/dog-breeds/pembroke-welsh-corgi,[12],[30],[14]
363,perro de presa canario,https://dogtime.com/dog-breeds/perro-de-presa-canario,[26],[130],[12]
364,petit basset griffon vendéen,https://dogtime.com/dog-breeds/petit-basset-griffon-vendeen,[15],[40],[14]
365,pharaoh hound,https://dogtime.com/dog-breeds/pharaoh-hound,[25],[55],[14]
366,pitsky,https://dogtime.com/dog-breeds/pitsky,[25],[80],[16]
367,plott,https://dogtime.com/dog-breeds/plott,[27],[75],[14]
368,pocket beagle,https://dogtime.com/dog-breeds/pocket-beagle,[12],[15],[10]
369,pointer,https://dogtime.com/dog-breeds/pointer,"[11, 2, 4]",[75],[15]
370,polish lowland sheepdog,https://dogtime.com/dog-breeds/polish-lowland-sheepdog,[20],[55],[12]
371,pomapoo,https://dogtime.com/dog-breeds/pomapoo,[10],[15],[15]
372,pomchi,https://dogtime.com/dog-breeds/pomchi,[10],[12],[18]
373,pomeagle,https://dogtime.com/dog-breeds/pomeagle,[11],[25],[15]
374,pomeranian,https://dogtime.com/dog-breeds/pomeranian,[12],[7],[16]
375,pomsky,https://dogtime.com/dog-breeds/pomsky,[15],[38],[15]
376,poochon,https://dogtime.com/dog-breeds/poochon,[15],[17],[15]
377,poodle,https://dogtime.com/dog-breeds/poodle,"[10, 22]",[70],[15]
378,porcelaine,https://dogtime.com/dog-breeds/porcelaine,[],[62],[13]
379,portuguese podengo pequeno,https://dogtime.com/dog-breeds/portuguese-podengo-pequeno,[12],[13],[15]
380,portuguese pointer,https://dogtime.com/dog-breeds/portuguese-pointer,[22],[59],[14]
381,portuguese sheepdog,https://dogtime.com/dog-breeds/portuguese-sheepdog,[22],[59],[13]
382,portuguese water dog,https://dogtime.com/dog-breeds/portuguese-water-dog,"[5, 1, 11]",[60],[14]
383,pudelpointer,https://dogtime.com/dog-breeds/pudelpointer,[27],[65],[14]
384,pug,https://dogtime.com/dog-breeds/pug,[14],[18],[15]
385,pugalier,https://dogtime.com/dog-breeds/pugalier,[14],[20],[15]
386,puggle,https://dogtime.com/dog-breeds/puggle,[15],[30],[15]
387,puginese,https://dogtime.com/dog-breeds/puginese,[14],[18],[14]
388,puli,https://dogtime.com/dog-breeds/puli,[17],[35],[15]
389,pyredoodle,https://dogtime.com/dog-breeds/pyredoodle,[32],[100],[12]
390,pyrenean mastiff,https://dogtime.com/dog-breeds/pyrenean-mastiff,[31],[200],[13]
391,pyrenean shepherd,https://dogtime.com/dog-breeds/pyrenean-shepherd,[21],[30],[17]
392,rafeiro do alentejo,https://dogtime.com/dog-breeds/rafeiro-do-alentejo,[29],[132],[14]
393,rat terrier,https://dogtime.com/dog-breeds/rat-terrier,[16],[],[18]
394,redbone coonhound,https://dogtime.com/dog-breeds/redbone-coonhound,[27],[70],[12]
395,rhodesian ridgeback,https://dogtime.com/dog-breeds/rhodesian-ridgeback,[27],[85],[12]
396,romanian mioritic shepherd dog,https://dogtime.com/dog-breeds/romanian-mioritic-shepherd-dog,[29],[150],[14]
397,rottador,https://dogtime.com/dog-breeds/rottador,[27],[115],[12]
398,rottle,https://dogtime.com/dog-breeds/rottle,[27],[90],[15]
399,rottweiler,https://dogtime.com/dog-breeds/rottweiler,[27],[130],[11]
400,russian toy,https://dogtime.com/dog-breeds/russian-toy,[11],[6],[]
401,russian tsvetnaya bolonka,https://dogtime.com/dog-breeds/russian-tsvetnaya-bolonka,[11],[11],[16]
402,saint berdoodle,https://dogtime.com/dog-breeds/saint-berdoodle,[30],[180],[12]
403,saint bernard,https://dogtime.com/dog-breeds/saint-bernard,"[2, 2, 6]",[180],[10]
404,saluki,https://dogtime.com/dog-breeds/saluki,[28],[70],[14]
405,samoyed,https://dogtime.com/dog-breeds/samoyed,"[7, 2]",[60],[14]
406,samusky,https://dogtime.com/dog-breeds/samusky,[24],[60],[15]
407,schapendoes,https://dogtime.com/dog-breeds/schapendoes,[20],[55],[15]
408,schipperke,https://dogtime.com/dog-breeds/schipperke,[15],[18],[15]
409,schnocker,https://dogtime.com/dog-breeds/schnocker,[15],[20],[15]
410,schnoodle,https://dogtime.com/dog-breeds/schnoodle,[26],[75],[15]
411,scottish deerhound,https://dogtime.com/dog-breeds/scottish-deerhound,[32],[110],[11]
412,scottish terrier,https://dogtime.com/dog-breeds/scottish-terrier,[10],[22],[13]
413,sealyham terrier,https://dogtime.com/dog-breeds/sealyham-terrier,[10],[24],[14]
414,segugio italiano,https://dogtime.com/dog-breeds/segugio-italiano,[23],[62],[14]
415,sheepadoodle,https://dogtime.com/dog-breeds/sheepadoodle,[22],[80],[15]
416,shepsky,https://dogtime.com/dog-breeds/shepsky,[25],[88],[14]
417,shetland sheepdog,https://dogtime.com/dog-breeds/shetland-sheepdog,[16],[20],[15]
418,shiba inu,https://dogtime.com/dog-breeds/shiba-inu,[17],[23],[16]
419,shichon,https://dogtime.com/dog-breeds/shichon,[12],[15],[18]
420,shih-poo,https://dogtime.com/dog-breeds/shih-poo,[18],[18],[]
421,shih tzu,https://dogtime.com/dog-breeds/shih-tzu,[10],[16],[16]
422,shikoku,https://dogtime.com/dog-breeds/shikoku,[22],[55],[12]
423,shiloh shepherd,https://dogtime.com/dog-breeds/shiloh-shepherd,[30],[130],[14]
424,shiranian,https://dogtime.com/dog-breeds/shiranian,[12],[16],[16]
425,shollie,https://dogtime.com/dog-breeds/shollie,[29],[80],[15]
426,shorkie,https://dogtime.com/dog-breeds/shorkie,[14],[15],[16]
427,siberian husky,https://dogtime.com/dog-breeds/siberian-husky,[23],[60],[15]
428,silken windhound,https://dogtime.com/dog-breeds/silken-windhound,[],[55],[20]
429,silky terrier,https://dogtime.com/dog-breeds/silky-terrier,[10],[10],[15]
430,skye terrier,https://dogtime.com/dog-breeds/skye-terrier,[10],[40],[14]
431,sloughi,https://dogtime.com/dog-breeds/sloughi,[29],[63],[16]
432,slovakian wirehaired pointer,https://dogtime.com/dog-breeds/slovakian-wirehaired-pointer,[],[65],[15]
433,slovensky cuvac,https://dogtime.com/dog-breeds/slovensky-cuvac,[28],[100],[13]
434,slovensky kopov,https://dogtime.com/dog-breeds/slovensky-kopov,[20],[44],[14]
435,small munsterlander pointer,https://dogtime.com/dog-breeds/small-munsterlander-pointer,[22],[60],[14]
436,soft coated wheaten terrier,https://dogtime.com/dog-breeds/soft-coated-wheaten-terrier,[19],[40],[15]
437,spanish mastiff,https://dogtime.com/dog-breeds/spanish-mastiff,[35],[220],[12]
438,spanish water dog,https://dogtime.com/dog-breeds/spanish-water-dog,[20],[50],[14]
439,spinone italiano,https://dogtime.com/dog-breeds/spinone-italiano,[28],[86],[14]
440,springador,https://dogtime.com/dog-breeds/springador,[24],[90],[14]
441,stabyhoun,https://dogtime.com/dog-breeds/stabyhoun,[20],[50],[14]
442,staffordshire bull terrier,https://dogtime.com/dog-breeds/staffordshire-bull-terrier,[16],[38],[14]
443,staffy bull bullmastiff,https://dogtime.com/dog-breeds/staffy-bull-bullmastiff,[27],[130],[16]
444,standard schnauzer,https://dogtime.com/dog-breeds/standard-schnauzer,"[5, 1, 8]",[50],[16]
445,sussex spaniel,https://dogtime.com/dog-breeds/sussex-spaniel,"[1, 1, 3]",[45],[14]
446,swedish lapphund,https://dogtime.com/dog-breeds/swedish-lapphund,[20],[45],[14]
447,swedish vallhund,https://dogtime.com/dog-breeds/swedish-vallhund,"[1, 1]",[35],[15]
448,taiwan dog,https://dogtime.com/dog-breeds/taiwan-dog,[21],[40],[13]
449,terripoo,https://dogtime.com/dog-breeds/terripoo,[15],[14],[15]
450,texas heeler,https://dogtime.com/dog-breeds/texas-heeler,[22],[50],[15]
451,thai ridgeback,https://dogtime.com/dog-breeds/thai-ridgeback,[24],[75],[13]
452,tibetan mastiff,https://dogtime.com/dog-breeds/tibetan-mastiff,"[2, 2]",[160],[14]
453,tibetan spaniel,https://dogtime.com/dog-breeds/tibetan-spaniel,[10],[15],[15]
454,tibetan terrier,https://dogtime.com/dog-breeds/tibetan-terrier,[16],[24],[15]
455,tornjak,https://dogtime.com/dog-breeds/tornjak,[28],[110],[14]
456,tosa,https://dogtime.com/dog-breeds/tosa,[32],[200],[12]
457,toy fox terrier,https://dogtime.com/dog-breeds/toy-fox-terrier,[11],[7],[14]
458,transylvanian hound,https://dogtime.com/dog-breeds/transylvanian-hound,[25],[77],[12]
459,treeing tennessee brindle,https://dogtime.com/dog-breeds/treeing-tennessee-brindle,[24],[45],[12]
460,treeing walker coonhound,https://dogtime.com/dog-breeds/treeing-walker-coonhound,[27],[80],[13]
461,valley bulldog,https://dogtime.com/dog-breeds/valley-bulldog,[25],[125],[12]
462,vizsla,https://dogtime.com/dog-breeds/vizsla,[24],[65],[14]
463,weimaraner,https://dogtime.com/dog-breeds/weimaraner,[27],[85],[13]
464,welsh springer spaniel,https://dogtime.com/dog-breeds/welsh-springer-spaniel,[19],[55],[15]
465,welsh terrier,https://dogtime.com/dog-breeds/welsh-terrier,[15],[20],[14]
466,west highland white terrier,https://dogtime.com/dog-breeds/west-highland-white-terrier,[11],[22],[16]
467,westiepoo,https://dogtime.com/dog-breeds/westiepoo,[17],[35],[15]
468,whippet,https://dogtime.com/dog-breeds/whippet,[22],[48],[15]
469,whoodle,https://dogtime.com/dog-breeds/whoodle,[20],[45],[15]
470,wirehaired pointing griffon,https://dogtime.com/dog-breeds/wirehaired-pointing-griffon,[24],[60],[14]
471,working kelpie,https://dogtime.com/dog-breeds/working-kelpie,[25],[60],[15]
472,xoloitzcuintli,https://dogtime.com/dog-breeds/xoloitzuintli,"[6, 1, 11]",[50],[20]
473,yakutian laika,https://dogtime.com/dog-breeds/yakutian-laika,[23],[55],[12]
474,yorkipoo,https://dogtime.com/dog-breeds/yorkipoo,[15],[14],[15]
475,yorkshire terrier,https://dogtime.com/dog-breeds/yorkshire-terrier,[9],[6],[15]
